Carimbo de data/hora;Notificaçăo/Atualizaçăo;Nome(s) do(s) Técnico(s);Regional de Saúde;Tipologia;"Caso tenha selecionado “Outros” nas tipologias de eventos, especifique qual(is):  ";"Informe o número de municípios afetados, especificando quais săo eles.";"Informe o número de municípios que năo preencheram a comunicaçăo de desastres (Formulário do REDCap), especificando quais săo eles.  ";"Informe o número de municípios que publicaram decreto de situaçăo de emergęncia, especificando quais săo eles.  ";"Informe o número de municípios sem abastecimento de energia elétrica, especificando quais săo eles.  ";"Informe o número de municípios sem abastecimento de água, especificando quais săo eles.  ";"Informe o número de municípios com vias de acesso comprometidas, especificando quais săo eles.  ";Informe o número de abrigos temporários abertos por município;Informe o número de pessoas desabrigadas por município.  ;Informe o número de pessoas desalojadas por município  ;Informe o número de pessoas feridas por município.  ;Informe o número de óbitos por município.  ;Informe o número de estabelecimentos de saúde afetados por município.;Informe o número de kits de medicamentos e insumos estratégicos solicitados por município.;"Informe a ocorręncia de surtos em decorręncia do evento, por município. ";Observaçőes;Houve comprometimento da estrutura física da regional?;Há abastecimento de energia elétrica?;Há abastecimento de água?;Houve danos:;  Houve comprometimento da Rede de Frio?  ;Houve necessidade de remanejamento de imunobiológicos?;Por meio de qual(is) instância(s) a UDVE e/ou a UDVISA estabeleceram contato com o(s) município(s) afetado(s) e obtiveram as informaçőes e os dados utilizados para o preenchimento deste formulário? ;"Caso tenha selecionado a opçăo “Outros”, especifique a(s) instância(s), setor(es) ou instituiçăo(őes) por meio da(s) qual(is) foram obtidas as informaçőes e os dados utilizados para o preenchimento deste formulário. ";Informaçőes adicionais poderăo ser descritas aqui
2/27/2026 14:52:53;Notificaçăo (Enviar ŕs 10h30).;daniela;Xanxerę;Chuvas intensas;;5;6;5;4;4;3;3;3;3;3;3;3;3;0;fgdfg;Năo;;;;;;;;
3/1/2026 10:35:03;Notificaçăo (Enviar ŕs 10h30).;Raquel Faller/Josiane Verdi Schaade;Rio do Sul;Outros;Sem eventos notificados até o momento;0;0;0;0;0;0;0;0;0;0;0;0;0;0;Até o momento năo recebemos Notificaçőes.;Năo;;;;;;;;
3/1/2026 10:38:29;Notificaçăo (Enviar ŕs 10h30).;UDVE - Fernanda de Melo UDVISA - Marcia Rodrigues da Silva;Joinville;Chuvas intensas;;1 Săo Francisco do Sul;"5 Araquari, Barra do Sul, Garuva, Itapoá, Joinville";0;năo informado;năo informado;năo informado;município de Săo Francisco do Sul em fase de inspeçăo de abrigos (VISA);200;desconhecido;desconhecido;0;0;0;0;;Năo;;;;;;;;
3/1/2026 10:39:22;Notificaçăo (Enviar ŕs 10h30).;UDVISA - Luciane Ap. Ribeiro Grassi     UDVISA - Ana Maria Zandoná Fachin;Joaçaba;Outros;0;0;"Năo houve preenchimento pelos municípios do COREDEC de Campos Novos (Abdon Batista, Brunópolis, Celso Ramos, Campos Novos, Monte Carlo, Vargem e Zortea)";0;0;0;0;0;0;0;0;0;0;0;0;;Năo;;;;;;;;
3/1/2026 10:40:09;Notificaçăo (Enviar ŕs 10h30).;Andreza Granosiki UDVE Juliana Cássia Bonatto Claudete Gehardt UDVS;Concórdia;Chuvas intensas;;"4 Seara, Xavantina ,Presidente Castello Branco Lindóia do Sul";"9 Alto Bela Vista,Arabută ,Concordia, Ipira ,Piratuba, Ipumirim ,Irani, Itá, Peritiba";0;0;0;0;0;0;0;0;0;0;0;0;;Năo;;;;;;;;"Ainda năo temos informaçőes dos nossos municipios, mas estamos acompanhando todos,porém sem informaçőes concretas"
3/1/2026 10:43:51;Notificaçăo (Enviar ŕs 10h30).;Tiago Morte - UDVE. Daiane Godinho - UDVISA;Criciúma;"Chuvas intensas, Inundaçăo, Alagamento, Vendaval, Microexplosăo, Movimento de massa, Outros";extravasamento de produtos perigosos transportados no duto modal dutoviario;"12 - Balneário Rincăo, Cocal do Sul, Criciuma, Icara, Forquilhinha, Lauro Muller, Morro da Fumaca, Nova Veneza, Orleans, Sideropolis, Treviso, Urussanga";"9 - Balneário Rincăo, Cocal do Sul, Criciuma, Forquilhinha, Icara, Lauro Muller, Morro da Fumaca, Orleans, Urussanga";"4 - Balneário Rincăo, Cocal do Sul, Lauro Muller e Sideropolis,";zero;zero;Urussanga 2 vias interditadas;"Urussanga 1 abrigo, Icara - 1 abrigo";"Urussanga 48 pessoas desabrigadas, Icara 3 pessoas desabrigadas";Urussanga 64 pessoas desalojadas;"Urussanga - 4 pessoas feridas, Icara 1 pessoa ferida";zero;Urussanga - 1 estabelecimento ;zero;zero;"Municipio de Urussanga informou que preencheu o Red Cap , mas năo apareceu na planilha atualizada para nos";Năo;;;;;;;;
3/1/2026 10:44:19;Notificaçăo (Enviar ŕs 10h30).;Francine Jordana Lunelli e Carolina Inęs Rozza Michalak;Jaraguá do Sul;"Chuvas intensas, Alagamento, Vendaval, Movimento de massa, Outros";"Caminhăo tanque com vasamento de hipoclorito - ONU 1791, colisăo embaixo do viaduto com ônibus com crianças, carro e moto.  Acidente caminhăo (óleo Dieses), com dois veículos, vasamento de combustível para o Rio Itapocu.";7;"Barra Velha, Corupá, Guaramirim, Jaraguá do Sul, Săo Joăo do Itaperiú, Schroeder.";2: Jaraguá do Sul e Barra Velha.;Zero.;Zero.;Massaranduba - 1.;"Massaranduba:1; Schroeder: 1, Guaramirim: 1; Jaraguá do Sul: 1.";"Guaramirim: 6;Jaraguá do Sul:100; Massaranduba: 15; Schroeder: 3.";Jaraguá do Sul: 220.;"Barra Velha: 31; Corupá: 6, Guaramirim: sem informaçăo; Jaraguá do Sul: 31; Massaranduba: 20, Săo Joăo do Itaperiú: 10; Schroeder: 3.";"Barra Velha: 5; Corupá: 1, Guaramirim: 0; Jaraguá do Sul: 3; Massaranduba: 2; Săo Joăo do Itaperiú: 0, Schroeder: 0.";Nenhum município até o momento.;Nenhum município até o momento.;Nenhum município até o momento.;;Năo;;;;;;;;
3/1/2026 10:51:54;Notificaçăo (Enviar ŕs 10h30).;UDVE: Eliane Thechio / Jucéli Bonamigo     - UDVISA Kátia R. Valentini;Joaçaba;Granizo;;"Catanduvas; Ibicare; Vargem Bonita";Nenhum dos 3 municipios preencheu até o momento.;Em levantamento;Em levantamento;Em levantamento;Em levantamento;"Catanduvas 01; ";Catanduvas: 312 desabrigados;Catanduvas: 102 desalojados;Catnduvas: !6 feridos;0;Em levantamento;Até o momento năo recebemos solicitaçăo.;Até o momento sem informaçăo.;;Năo;;;;;;;;
3/1/2026 10:53:10;Notificaçăo (Enviar ŕs 10h30).;"Katia R. Valentini, Eliane Techio, Juceli Bonamigo";Joaçaba;Chuvas intensas;;" 3 municípios - OURO, LUZERNA, TREZE TÍLIAS";Nenhum dos tręs municípios afetados preencheu a planilha REDCap até este horário;Está em levantamento;Em levantamento;Em levantamento;Em levantamento;01 abrigo em Luzerna;Luzerna - 50 desabrigados;Luzerna - 50;Năo há;Năo há;Năo informado até o momento;Năo há;Năo há;Năo há;Năo;;;;;;;;
3/1/2026 10:57:01;Notificaçăo (Enviar ŕs 10h30).;"UDVISA - KALINCA SCHWARZ, UDVISA - KATIANE SECCO, UDVE - ANDREIA BORTOLOTTO, UDVE - SANDRA LÉA";Blumenau;"Chuvas intensas, Enxurrada, Microexplosăo, Outros";DESLIZAMENTOS;4;11;0;1 (BLUMENAU);1 (BLUMENAU);"BLUMENAU 3, BENEDITO NOVO 5, GASPAR 0";"BENEDITO NOVO 2, BLUMENAU 2, GASPAR 2";BENEDITO NOVO 36;BENEDITO NOVO 20;BENEDITO NOVO 1;0;GASPAR 1;0;0;;Năo;;;;;;;;
3/1/2026 11:00:13;Notificaçăo (Enviar ŕs 10h30).;UDVISA - DIEGO GIUSTI RODOWANSKI      UDVE - MARIANA HAHN;Araranguá;"Chuvas intensas, Inundaçăo, Alagamento, Enxurrada, Vendaval, Granizo, Movimento de massa";;"15 - ARARANGUÁ, MARACAJÁ, BALN. ARROIO DO SILVA, MELEIRO, MORRO GRANDE, TURVO, TIMBÉ DO SUL, SOMBRIO, BALN. GAIVOTA, SANTA ROSA DO SUL, PASSO DE TORRES, SĂO JOAO DO SUL, ERMO, PRAIA GRANDE, JACINTO MACHADO";"15 - ARARANGUÁ, MARACAJÁ, BALN. ARROIO DO SILVA, MELEIRO, MORRO GRANDE, TURVO, TIMBÉ DO SUL, SOMBRIO, BALN. GAIVOTA, SANTA ROSA DO SUL, PASSO DE TORRES, SĂO JOAO DO SUL, ERMO, PRAIA GRANDE, JACINTO MACHADO";"15 - ARARANGUÁ, MARACAJÁ, BALN. ARROIO DO SILVA, MELEIRO, MORRO GRANDE, TURVO, TIMBÉ DO SUL, SOMBRIO, BALN. GAIVOTA, SANTA ROSA DO SUL, PASSO DE TORRES, SĂO JOAO DO SUL, ERMO, PRAIA GRANDE, JACINTO MACHADO";0;0;0;0;0;0;0;0;0;0;0;NAO HOUVE O ENVIO DE NENHUM REDCAP;Năo;;;;;;;;
3/1/2026 11:00:30;Notificaçăo (Enviar ŕs 10h30).;"Helena Caetano, Clarice de Souza, Greice Martins";Tubarăo;"Chuvas intensas, Movimento de massa";;18;18;0;0;0;56;14;176;379;14;0;0;1;0;Dados preliminares dois eventos ;Năo;;;;;;;;Recebemos as infomaçőes dados preliminares dos 18 municípios de nossa abrangęncia que seguem 
3/1/2026 11:01:19;Notificaçăo (Enviar ŕs 10h30).;UDVE Mônica Susete Roman Vanz.  UDVISA Marly Andrea Gonçalves Ribas;Videira;"Chuvas intensas, Inundaçăo, Alagamento, Enxurrada, Vendaval, Granizo, Movimento de massa, Seca/Estiagem";;"20 municípios.  Arroio Trinta, Cacador, Calmon, Curitibanos, Fraiburgo, Frei Rogerio, Ibiam, Iomere, Lebon Regis, Macieira, Matos Costa, Pinheiro Preto, Ponte Alta do Norte, Rio das Antas, Salto Veloso, Santa Cecilia, Sao Cristovao do Sul, Tangara, Timbo Grande e Videira";somente 02 preencheram até ŕs 10:30 h. IBIAM e PONTE ALTA DO NORTE;0;0;0;0;0;0;0;0;0;0;0;0;Até o momento apenas dois municípios preencheram o RedCap;Năo;;;;;;;;"Estamos presentes na Defesa Civil de Caçador, juntamente com o Coordenador Paulo César Gaiovis"
3/1/2026 11:01:55;Notificaçăo (Enviar ŕs 10h30).;Silene Herbert / Cristine Walker;Săo Miguel do Oeste;Tornado;Tornado 1.3.2.1.1;"11 municípios - Săo José do Cedro -  Descanso, Săo Miguel do Oeste, Barra Bonita, Paraíso, Mondaí, Guarujá do Sul, Belmonte, Anchieta, Palma Sola, Guaraciaba";"Descanso, Săo Miguel do Oeste, Paraíso, Guarujá do Sul, Belmonte, Anchieta, Palma Sola, Guaraciaba";Barra Bonita e Palma Sola;Barra Bonita;Barra Bonita;Dionísio Cerqueira 03- Paraíso 03- Bandeirante 20 - Santa Helena 04- Anchieta 01 - Palma Sola 01 - Princesa 01 - Săo José do Cedro 01;Nenhum até o momento conforme informaçőes recebidas;Barra Bonita 65- Santa Helena 41- Paraíso 40 - Mondaí 40- Guarujá do Sul 30 - Belmonte 25 - Dionisio Cerqueira 21 - Princesa 20 - Anchieta 08 - Palma Sola 05;Barra Bonita 10 - Santa Helena - 28 Paraíso 40 Belmonte 05 - Dionisio Cerqueira 09 - Anchieta 08 - Palma Sola 10;Barra Bonita 05 - Santa Helena 12 - Paraíso 40 - Mondaí 07 - Guarujá do Sul 08 - Belmonte 02- Dionisio Cerqueira 10 - Anchieta 03 - Palma Sola 10;01 em Dionísio Cerqueira até o momento;Nenhum conforme informaçőes recebidas;01 kit para Barra Bonita;Nenhum até o momento;"Preenchimento conforme sistema da defesa civil, pois somente Barra Bonita fez contato solicitando auxilio";Năo;;;;;;;;
3/1/2026 11:07:12;Notificaçăo (Enviar ŕs 10h30).;Raquel Faller/Josiane Verdi Schaade;Rio do Sul;Movimento de massa;;1;0;0;0;0;0;0;160;300;50;0;2;0;0;;Năo;;;;;;;;
3/1/2026 11:10:10;Notificaçăo (Enviar ŕs 10h30).;UDVISA SIMONE ROBERTA ORLANDI CRISTIANE DECESARO KONZEN UDVE MARCIELE BOGO GERSA SMO ADM LARISSA DEMARCO;Săo Miguel do Oeste;"Vendaval, Tornado, Outros";ACIDENTE COM PRODUTOS PERIGOSOS ;"09 MUNICIPIOS: SĂO MIGUEL DA BOA VISTA, CUNHA PORĂ, CUNHATAÍ, FLOR DO SERTĂO, IRACEMINHA, MARAVILHA, PALMITOS, RIQUEZA, SAUDADES";"16 MUNICIPIOS: BOM JESUS DO OESTE, CAIBI, CAMPO ERE, CUNHA PORA, CUNHATAI, FLOR DO SERTĂO , IRACEMINHA, MARAVILHA, PALMITOS,RIQUEZA, ROMELANDIA, SALTINHO, SANTA TEREZINHA DO PROGRESSO, SAUDADES, SAO MIGUEL DA BOA VISTA, E TIGRINHOS.";"16 MUNICIPIOS: BOM JESUS DO OESTE, CAIBI, CAMPO ERE, CUNHATAI, FLOR DO SERTAO, IRACEMINHA, MARAVILHA, MODELO, PALMITOS , RIQUEZA, ROMELANDIA, SALTINHO, SANTA TEREZINHA DO PROGRESSO, SAO MIGUEL DA BOA VISTA, SAUDADES, TIGRINHOS.";0 MUNICIPIOS ;0 MUNICIPIOS ;0 MUNICIPIOS ;01 ABRIGO ABERTO POR MUNICIPIO TOTAL DE 08 MUNICIPIOS;"44 PESSOAS MUNICIPIO DE MODELO 100 RIQUEZA , 60 MARAVILHA, 40 SĂO MIGUEL DA BOA VISTA, 30 FLOR DO SERTĂO, 21 SALTINHO, 20 SAUDADES, 16 CUNHATAI, 15 CUNHA PORA , 0 PALMITOS";"32 PESSOAS MUNICIPIO DE MODELO, 100 RIQUEZA, 4 MARAVILHA, 50 SĂO MIGUEL DA BOA VISTA, 12 FLOR DO SERTĂO, 21 SALTINHO, 10 SAUDADES, 0 CUNHATAI, 0 CUNHA PORA E 0 PALMITOS";"40 RIQUEZA, 4 MARAVILHA, 4 SĂO MIGUEL DA BOA VISTA, 13 FLOR DO SERTĂO, 0 SALTINHO, 0 SAUDADES, 0 CUNHATAI, 0 CUNHA PORA, 0 PALMITOS";"0 RIQUEZA, 3 MARAVILHA, 0 SĂO MIGUEL DA BOA VISTA, 0 FLOR DO SERTĂO, 0 SALTINHO, 0 SAUDADES, 0 CUNHATAI, 0 CUNHA PORA, 0 PALMITOS ";0 ESTABELECIMENTO DE SAÚDE AFETADO.;0 MUNICIPIOS ;0 SURTOS ;"FORMULÁRIOS DISTINTOS PARA CONSULTA  E COMPILADO DE INFORMAÇŐES, REDCAP E LEVANTAMENTO MUNICIPIOS SIMULADO DEFESA CIVIL. ";Năo;;;;;;;;RECEBIDO ALERTA DA DEFESA CIVIL POR SMS.
3/1/2026 11:11:58;Notificaçăo (Enviar ŕs 10h30).;UDVE - Daniela Debastiani e Celita de Fátima Almeida UDVISA: Aline Mineto Sikoski;Xanxerę;"Inundaçăo, Vendaval, Tornado, Seca/Estiagem, Outros";22110;"21 municípios - Abelardo Luz, Bom Jesus, Campo Erę, Coronel Martins, Entre Rios, Faxinal dos Guedes, Galvăo, Ipuaçu, Jupiá, Lajeado Grande, Marema, Novo Horizonte, Ouro Verde, Passos Maia, Ponte Serrada, Săo Bernardino, Săo Domingos, Săo Lourenço do Oeste, Vargeăo, Xanxerę e Xaxim";"Abelardo Luz, Bom Jesus, Campo Erę, Entre Rios, Galvăo, Ipuaçu, Jupiá, Lajeado Grande, Marema, Novo Horizonte, Passos Maia, Săo Domingos, Săo Lourenço do Oeste, Xanxerę, Xaxim";Até o momento nenhum;"5 - Ponte Serrada, Coronel Martins, Săo Bernardino, Faxinal dos Guedes, Vargeăo";1 - Marema;Năo temos informaçőes até momento;"Ponte Serrada 1, Coronel Martins 1, Săo Bernardino 1, Faxinal dos Guedes 1, Vargeăo 2";"Săo Bernardino 8, Vargeăo 1";"Coronel Martins 10, Săo Bernardino 3, Vargeăo 10";"Săo Bernardino 3, Vargeăo 1";Sem óbitos até o momento;"Faxinal dos Guedes 2, Ponte Serrada 2, Săo Bernardinho 2, Coronel Martins 2, Vargeăo 2.";Sem pedidos até o momento;Sem ocorręncia de surtos até o momento.;A maioria dos municípios ainda năo conseguiu preencher o formulário de Comunicado de Desastre.;Năo;;;;;;;;
3/1/2026 11:13:04;Notificaçăo (Enviar ŕs 10h30).;Eliane Techio/ Juceli Bonamigo/ Katia Valentini;Joaçaba;Alagamento;;01 Município;O município năo preencheu o Red Cap;Em andamento;Em levantamento;Em levantamento;Em levamtamento;um abrigo;15 desabrigados;20 desalojados;nenhum informado até o momento;nenhum informado até o momento;Nenhum;Năo foi solicitado até o momento;Năo foi informado até o momento nenhum surto;Nenhuma informaçăo ;Năo;;;;;;;;Nenhuma informaçăo 
3/1/2026 11:17:33;Notificaçăo (Enviar ŕs 10h30).;Eliane Techio/ Juceli Bonamigo/ Katia Valentini;Joaçaba;Vendaval;;03 municípios;Nenhum dos 3 municípios;Em andamento;Em levantamento;Em levantamento;Em levantamento ;01 abrigo;Erval Velho 27 desabrigados;Erval Velho 35 desalojados;Nenhuma ;Nenhum óbito;Nenhum ;Nenhum município solicitou Kit;Nenhum surto até o momento foi informado;Nenhuma informaçăo ;Năo;;;;;;;;Nenhuma informaçăo 
3/1/2026 11:18:08;Notificaçăo (Enviar ŕs 10h30).;"Katia Regina Valentini, Eliane Techio, Juceli Bonamigo";Joaçaba;Enxurrada;;"2 - HERVAL D'OESTE, LACERDÓPOLIS";Os municipios afetados năo preencheram a planilha REDCap;Em andamento;Em levantamento;Em levantamento; Em levantamento;Lacerdópolis - 1;Lacerdópolis - 3;"Herval D'Oeste - 60, Lacerdópolis - 10";Năo há;Năo há;Năo há;Năo há;Năo há;x;Năo;;;;;;;;x
3/1/2026 11:26:15;Notificaçăo (Enviar ŕs 10h30).;"UDVE: Juceli Boanamigo; Eiane Techio; Katia Valentin";Joaçaba;Inundaçăo;;2;2;Năo recebido;Em levantamento;em levantamento;em levantamento;" 1- Joaçaba; 1 Jabora";" 80- Joaçaba;  32 -Jabora";"52- Joaçaba;  17 -Jabora";2 Jabora;0;Năo ha informaçăo;năo;năo;;Năo;;;;;;;;
3/1/2026 11:45:14;Notificaçăo (Enviar ŕs 10h30).;"Débors Ssmira da Costa - UDVE, Marta Santos- UDVE, Rita Rebonatto Oltramari- UDVISA, Adriana Brum- Vigidesastres";Chapecó;"Chuvas intensas, Inundaçăo, Alagamento, Enxurrada, Vendaval, Granizo, Outros";"Incęndio, Rompimento de Barragem";"19 atingidos, Ŕguas de Chapecó, Águas Frias, Caxambu do Sul, Pinhalzinho, Paial, Arvoredo, Santiago do Sul, Nova Erechim, Cordilheira Alta, Jardinóplis, Săo Carlos, Sul Brasil, Nova Itaberaba, Planalto Alegre, Guatambú, Chapecó, Uniăo do Oeste,  Serra Alta, Coronel Freitas";Formosa do Sul;19;36;19;57;20;632;989;96;5;32;0;0;Aguardando atualizaçăo de informaçőes;Năo;;;;;;;;
3/1/2026 11:46:48;Notificaçăo (Enviar ŕs 10h30).;UDVE Kelen Cristina de Almeida Bart  - UDVISA Alex Lucas Carlos;Florianópolis;"Chuvas intensas, Inundaçăo, Alagamento, Enxurrada, Outros";"Erosăo costeira/marinha. Transporte de produtos perigosos, Incęndio, deslizamento ";"16 Municípios atingidos: Săo José, Nova Trento, Canelinha, Major Gercino, Águas Mornas, Tijucas, Săo Pedro de Alcântara, Angelina, Rancho Queimado, Anitápolis, Săo Bonifácio, Antonio Carlos, Paulo lopes, Palhoça, Garopaba e Leoberto Leal";06 municípios;"16 Municípios atingidos: Săo José, Nova Trento, Canelinha, Major Gercino, Águas Mornas, Tijucas, Săo Pedro de Alcântara, Angelina, Rancho Queimado, Anitápolis, Săo Bonifácio, Antonio Carlos, Paulo lopes, Palhoça, Garopaba e Leoberto Leal";"05 Municípios: Canelinha, Biguaçu, Governador Celso Ramos, Săo José, Florianópolis";"06 Municípios: Tijucas, Canelinha, Gov. Celso Ramos, Săo José, Florianópolis, Paulo Lopes
";"11 Municípios: Săo José 500, Canelinha 26, Águas Mornas 01, Tijucas 6, Săo Pedro de Alcântara 12, Angelina 35, Rancho Queimado 01, Paulo lopes 01, Palhoça 3, Garopaba 02 e Leoberto Leal 05";"03 Abrigos: Tijucas 01, Florianópolis 01, Palhoça 01";"Săo José 566, Nova Trento 150, Canelinha 113, Major Gercino 36, Águas Mornas 23, Tijucas 20, Săo Pedro de Alcântara 17, Angelina 15 , Rancho Queimado 10, Anitápolis 09";"Săo José 1600, Nova Trento 150, Canelinha 322, Major Gercino 53, Águas Mornas 57, Tijucas 30, Săo Pedro de Alcântara 31, Angelina 15, Rancho Queimado 10, Anitápolis 27, Săo Bonifácio 15, Antonio Carlos 10, Paulo lopes 10, Leoberto Leal 13";"Săo José 23, Canelinha 12, Angelina 05, Rancho Queimado 02, Anitápolis 02,  Paulo lopes 02, Palhoça 16";"Săo José 17, Palhoça 02";"Săo José 15, Canelinha 12, Angelina 08";Năo solicitarăo;Năo informado;;Năo;;;;;;;;
3/1/2026 12:11:35;Notificaçăo (Enviar ŕs 10h30).;"UDVE - Marcello José Ramos; UDVISA - Daiane de Castro e Simone Nascimento da Silva Pereira";Itajaí;"Chuvas intensas, Inundaçăo, Alagamento, Enxurrada";;"5 MUNICÍPIOS: Balneário Camboriú, Camboriú, Itapema, Luiz Alves e Navegantes ";"6 MUNICÍPIOS: Balneário Piçarras, Bombinhas, Ilhota, Itajaí, Penha e Porto Belo";"11 MUNICÍPIOS, segundo Geręncia Regional de Defesa Civil (Rocha): Balneário Camboriú, Balneário Piçarras, Bombinhas, Camboriú, Ilhota, Itajaí, Itapema, Luiz Alves, Navegantes, Penha e Porto Belo";"4 MUNICÍPIOS: BalneárioCamboriú (parcial); Camboriú (total); Itapema (total), Luiz Alves (total); Navegantes (total)";"2 MUNICÍPIOS: Camboriú (parcial); Itapema (parcial)";Sem informaçăo ;"Balneário Camboriú (1); Camboriú (1); Itapema (1); Luiz Alves (1); Navegantes (2); ";"Balneário Camboriú (11); Camboriú (302); Itapema (449); Luiz Alves (11)";"Balneário Camboriú (16); Itapema (104); Luiz Alves (152)";Camboriú (6);"Nenhum óbito na planilha, mas segundo Geręncia Regional de Defesa Civil (Rocha), Balneário Camboriú com 2 óbitos e Ilhota com 1 óbito ";"Balneário Camboriú (11); Camboriú (11); Itapema (4); Luiz Alves (2); Navegantes (4)";Sem informaçăo ;Sem informaçăo ;;Năo;;;;;;;;Sem informaçăo 
3/1/2026 12:11:42;Notificaçăo (Enviar ŕs 10h30).;Simone N. S. Pereira/Daiane Castro ( UDVISA) Marcello Ramos UDVE;Itajaí;"Chuvas intensas, Inundaçăo, Alagamento, Enxurrada";;5;6;11;"04 com interrupçăo total(Itapema,, Camboriú, Navegantes e Luiz Alves) Bal.Camboriú parcial";"Itapema e Camboriú com interrupçăo parcial de água de algumas formas de água ,os demais năo resposnderam";Sem informaçăo ;" Itapema 1, Navegantes 2, Camboriú 1,Bal.Camboiu1,Luiz Alves 7";"Itapema+ 449 pessoas),Navegantes 0, Camboriú 302,Bal.Camboriu11,Luiz Alves 11";"Itapema 104,Val.Camboriú 16,Luiz Alves 152camv";Camboriú 06;Conforme informaçőes da defesa civil Bal.Camboriú com 2 óbitos e Ilhota 01;"Bal.Camboriú 11, Camboriú 11,Itapema 4,Luiz Alves 2,Navegantes 4";Sem informaçăo ;Sem informaçőes ;;Năo;;;;;;;;
3/1/2026 12:13:08;Atualizaçăo (Enviar ŕs 15h).;UDVE Fernanda de Menezes Siqueira de Melo  UDVISA Marcia Rodrigues da Silva;Joinville;"Chuvas intensas, Outros";Desastres relacionados a transporte de produtos perigosos - Transporte rodoviário - vazamento de óleo diesel;"6 Araquari, Barra do Sul, Garuva, Itapoá, Joinville e Săo Francisco do Sul";"5 Araquari, Barra do Sul, Garuva, Itapoá, Joinville ";0;1 Săo Francisco do Sul;1 Săo Francisco do Sul;1 Itapoá;"3 Săo Francisco do Sul, Araquari e Joinville";"Araquari: 12;  Joinville: 20; ";"Araquari: 10; Barra do Sul: 80; Garuva: 13; Joinville: 100; Săo Fco do Sul: 200.";"Barra do Sul: 20; Garuva: 4";0;0;0;0;;Năo;;;;;;;;
3/1/2026 12:22:56;Notificaçăo (Enviar ŕs 10h30).;"udve-Claudia Lopes; UDVISA- Saulo Tadeu Branco Ramos ";Lages;"Chuvas intensas, Inundaçăo, Alagamento, Enxurrada, Outros";Desastres relacionados a produtos perigosos;"11 - Anita Garibaldi, Bom JARDIM DA SERRA, CERRO NEGRO, BOM RETIRO, CERRO NEGRO,OTACÍLIO COSTA, PAINEL, CORREIA PINTO, RIO RUFINO, PONTE ALTA, SĂO JOAQUIM, SĂO JOSÉ DO CERRITO, URUBICI, URUPEMA";"8 - ANITA GARIBALDI, BOM RETIRO, CERRO NEGRO, OTACÍLIO COSTA, PAINEL, SĂO JOAQUIM, SĂO JOSÉ DO CERRITO, URUBICI, URUPEMA";"10 - ANITA GARIBALDI, BOM JARDIM, BOM RETIRO, CERRO NEGRO, OTACÍLIO COSTA, PAINEL, RIO RUFINO, SĂO JOAQUIM, SĂO JOSÉ DO CERRITO, URUBICI, URUPEMA";1 - rIO RUFINO;1 - CORREIA PINTO;"6 - BOM JARDIM, BOM RETIRO, CERRO NEGRO, PAINEL, RIO RUFINO E SĂO JOAQUIM ";"ANITA GARIBALDI (1), BOM JARDIM (2),BOM RETIRO (1), CERRO NEGRO (1), CORREIA PINTO (2), OTACÍLIO COSTA (1), PAINEL (1), RIO RUFINO (1),SĂO JOAQUIM (1), SĂO JOSÉ DO CERRITO(1), URUBICI(1), URUPEMA(1)";"ANITA GARIBALDI (0), BOM JARDIM (60),BOM RETIRO (0), CERRO NEGRO (15), CORREIA PINTO (40), OTACÍLIO COSTA (0), PAINEL (15), RIO RUFINO (17),SĂO JOAQUIM (0), SĂO JOSÉ DO CERRITO(80), URUBICI(80), URUPEMA(6)";"ANITA GARIBALDI (30), BOM JARDIM (0),BOM RETIRO (1020), CERRO NEGRO (0), CORREIA PINTO (40), OTACÍLIO COSTA (0), PAINEL (35), RIO RUFINO (52),SĂO JOAQUIM (17), SĂO JOSÉ DO CERRITO(20), URUBICI(55), URUPEMA(6)";Năo teve pessoas feridas ;Năo teve óbitos;Năo houve estabelecimentos de saúde afetados;Năo houve solicitaçăo de kits de medicamento;Năo houve ocorręncia de surtos ;"A maioria dos municípios năo preencheu a comunicaçăo de risco, maior parte dos dados obtidos com Defesa Civil ";Năo;;;;;;;;"Município sede Lages, informaçőes no período da tarde"
3/1/2026 13:55:46;Notificaçăo (Enviar ŕs 10h30).;UDVS: Alys Batista  e Marilene Novello UDVE: Grazielle Machado e Dayane Domingues;Mafra;"Chuvas intensas, Alagamento, Enxurrada, Vendaval, Tornado, Granizo";;"MAFRA, RIO NEGRINHO, SĂO BENTO DO SUL, CAMPO ALEGRE, ITAIÓPOLIS, PAPANDUVA, MONTE CASTELO, MAJOR VIEIRA, BELA VISTA DO TOLDO, IRINEÓPOLIS, CANOINHAS, PORTO UNIĂO, TRĘS BARRAS";"8 = RIO NEGRINHO, PAPANDUVA, MONTE CASTELO, MAJOR VIEIRA, BELA VISTA DO TOLDO, IRINEÓPOLIS, TRĘS BARRAS, CAMPO ALEGRE";"MAFRA, SĂO BENTO DO SUL, CAMPO ALEGRE, MAJOR VIEIRA, BELA VISTA DO TOLDO, IRINEÓPOLIS, CANOINHAS, PORTO UNIĂO, TRĘS BARRAS. OBS: PAPANDUVA, MONTE CASTELO e RIO NEGRINHO NĂO SOUBERAM INFORMAR.";"6 = MAFRA, SĂO BENTO DO SUL, CAMPO ALEGRE, MAJOR VIEIRA, IRINEÓPOLIS, PORTO UNIĂO, ";"3 = MAFRA, CAMPO ALEGRE, CANOINHAS.";"10 = MAFRA, SĂO BENTO DO SUL, CAMPO ALEGRE, ITAIÓPOLIS, MAJOR VIEIRA, BELA VISTA DO TOLDO, IRINEÓPOLIS, CANOINHAS, PORTO UNIĂO, TRĘS BARRAS.";"SĂO BENTO DO SUL: 1; CAMPO ALEGRE: 1; MAJOR VIEIRA: 1; BELA VISTA DO TOLDO: 1; IRINEÓPOLIS: 1; CANOINHAS: 1, PORTO UNIĂO: 2; TRĘS BARRAS: 1.";"SĂO BENTO DO SUL: 23, CAMPO ALEGRE: 160;  MAJOR VIEIRA: 40; BELA VISTA DO TOLDO: 26; IRINEÓPOLIS: 29; CANOINHAS: 15; PORTO UNIĂO: 80, TRĘS BARRAS: 60.";"MAFRA: 45; SĂO BENTO DO SUL: 50; CAMPO ALEGRE: 40; MAJOR VIEIRA: 200; BELA VISTA DO TOLDO: 28; IRINEÓPOLIS: 9; CANOINHAS: 35; PORTO UNIĂO: 100; TRĘS BARRAS: 60";"CAMPO ALEGRE: 17; TRĘS BARRAS: 6; IRINEÓPOLIS: 15; MAJOR VIEIRA: 1";0;"MAFRA: 1; BELA VISTA DO TOLDO: 1.";"CAMPO ALEGRE: 30; IRINEÓPOLIS: 38.";0;"TIVEMOS DIFICULDADES DE OBTER INFORMAÇŐES DOS MUNICÍPIOS DE PAPANDUVA, RIO NEGRINHO E MONTE CASTELO. FOI POSSÍVEL OBSERVAR A DESARTICULAÇĂO ENTRE OS ÓRGĂOS DE VÁRIOS MUNICÍPIOS RESPONSÁVEIS POR ATENDER DESASTRES.";Năo;;;;;;;;
3/1/2026 14:36:52;Atualizaçăo (Enviar ŕs 15h).;Francine Jordana Lunelli e Carolina Inęs Rozza Michalak.;Jaraguá do Sul;"Chuvas intensas, Alagamento, Movimento de massa, Outros";"BARRA VELHA: Caminhăo tanque com vazamento de hipoclorito - ONU 1791, colisăo embaixo do viaduto com ônibus com crianças, carro e moto. CORUPÁ: Acidente caminhăo (óleo Dieses), com dois veículos, vazamento de combustível para o Rio Itapocu.";"7 - Barra Velha, Corupá, Guaramirim, Jaraguá do Sul, Massaranduba, Săo Joăo do Itaperiú e Schroeder.";"5 - Barra Velha, Corupá, Guaramirim, Schroeder, Săo Joăo do Itaperiú.";"5 - Barra Velha, Guaramirm, Jaraguá do Sul, Massaranduba, Săo Joăo do Itaperiú e Schroeder.";"2 - Jaraguá do Sul (apenas no local do desmoronamento; Săo Joăo do Itaperiú (apenas no bairro Santa Cruz).";"1 - Jaraguá do Sul (no local do desmoronamento); ";"3 - Barra Velha; Massaranduba (parcialmente); Săo Joăo do Itaperiú; Schroeder: Ruas: Gabriel Vargas, Regina Tissi e Osvaldo Lenzi.";"Corupá: 1; Guaramirim 1; Jaraguá do Sul: 1; Massaranduba 1, Săo Joăo do Itaperiú 1; Schroeder:1.";"Corupá: 56; Guaramirim: 59; Jaraguá do Sul: 100; Massaranduba: 63; Săo Joăo do Itaperiú: 8; Schroeder: 43.";"Jaraguá do Sul 220; Massaranduba: 60; Săo Joăo do Itaperiú: 4.";"Barra Velha: 28; Corupá: 2; Guaramirim: 0; Jaraguá do Sul: 31; Massaranduba: 23; Săo Joăo do Itaperiú: 2; Schroeder: 4.";"Barra Velha: 5; Corupá: 1; Jaraguá do Sul:3; Massranduba: 2.";Schroeder: 1 - PA municipal.;Nenhum.;"Barra Velha: Foram atendidos 24 paciente com intoxicaçăo exógena (hipoclorito de sódio), sendo que 8 pacientes năo conseguimos informaçőes dos dados devido alguns estarem inconscientes e outros sem documentos.";Massaranduba: solicitou 27 Kits dormitório. Corupá solicitou cobertores para os desabrigados.;Năo;;;;;;;;"CORUPÁ: Solicitaram cobertores. acionaram o IMA devido ao vasamento de combustível no Rio Itapocu. Água do rio deslocando de 2 a 3 km/h em direçăo ao local de captaçăo de água da estaçăo de tratamento de Jaraguá do Sul, tempo estimado 6h. Corupá
Descriçăo da ocorręncia:
Foi registrada colisăo envolvendo dois veículos de passeio e um caminhăo-tanque destinado ao transporte de combustível (óleo diesel). 
O caminhăo-tanque sofreu danos estruturais, ocasionando vazamento estimado em aproximadamente 5.000 litros de óleo diesel, atingindo o Rio Itapocu e causando contaminaçăo ambiental, demandando açőes imediatas de contençăo e mitigaçăo.
GUARAMIRIM: 15 famílias na área afetadas.
MASSARANDUBA: Ocorręncia de chuvas intensas provocando enxurrada com elevaçăo rápida do nível de cursos d’água, alagamentos pontuais e deslizamento de terra em áreas de encosta. Registrou-se ainda o deslizamento parcial de trecho da Estrada Rio Molha, ocasionando a queda de uma van que transitava pelo local, com 13 ocupantes. Houve evacuaçăo de residęncias na localidade de Ribeirăo Gustavo e Estrada Rio Molha, interdiçăo parcial de vias e ativaçăo do Sistema de Comando em Operaçőes para coordenaçăo das açőes de resposta."
3/1/2026 15:16:05;Atualizaçăo (Enviar ŕs 15h).;UDVE - Kelen Cristina de Almeida Barp - UDVISA - Alex lucas Carlos;Florianópolis;"Chuvas intensas, Inundaçăo, Alagamento, Enxurrada, Outros";"Erosăo costeira marinha, transporte de produtos perigosos, Incęndios";"21 municípios: Săo josé, Biguaçu, Canelinha, Angelina, Palhoça, Major Gercino, Tijucas, Águas Mornas, Săo Pedro de Alcântara, Rancho Queimado, Gov. Celso Ramos, Garopaba, Antônio Carlos, Paulo Lopes, Săo Joăo Batista, Santo Amaro da Imperatriz, Leoberto leal e Săo Bonifácio.";"08 Municípios: Săo Pedro de Alcântara, Nova Trento, Major Gercino, Águas Mornas, Santo Amaro da Imperatriz, Anitápolis, Săo Bonifácio e Garopaba.";"21 municípios: Săo José, Biguaçu, Canelinha, Angelina, Palhoça, Major Gercino, Tijucas, Águas Mornas, Săo Pedro de Alcântara, Rancho Queimado, Gov. Celso Ramos, Garopaba, Antônio Carlos, Paulo Lopes, Săo Joăo Batista, Santo Amaro da Imperatriz, Leoberto leal e Săo Bonifácio.";"05 Municípios: Canelinha, Biguaçu, Gov. Celso Ramos, Săo José e Florianópolis. ";"06 Municípios: Tijucas, Canelinha, Gov. Celso Ramos, Săo José, Florianópolis e Paulo Lopes";"05 Municípios: Săo Pedro de Alcântara, Rancho Queimado, Garopaba, Paulo Lopes, Leoberto Leal";"05 Municípios: Tijucas, Biguaçu, Florianópolis, Palhoça e Săo Joăo Batista.";"Săo José 566, Nova trento 150, Canelinha 113, Gov. Celso Ramos 100, Major Gercino 36, Águas Mornas 23, Tijucas 20, Săo Pedro de Alcântara 17, Angelina 15, Rancho Queimado 10, Santo Amaro 10, Anitápolis 09, Biguaçu 06,";"Săo josé 1600, Nova trento 150, Canelinha 322, Gov. Celso Ramos 08, Major Gercino 53, Aguas mornas 57, Tijucas 30, Săo pedro de Alcântara 31, Angelina 15,, Rancho Queimado 10, Anitápolis 27, Biguaçu 12, Săo Bonifácio 15, Antônio Carlos 10, Paulo Lopes 10, Săo Joăo Batista 100, Leoberto Leal 13.";"Săo Jose 23, Canelinha 12, Angelina 05, Rancho Queimado 02, Santo Amaro 10, Anitápolis 02, Biguaçu 04, Paulo lopes 02, Palhoça 16.";"Săo José 17, Palhoça 02";"Gov. Celso Ramos 01, Tijucas 01, Biguaçu 1, Canelinha 01, Săo José 01, Florianópolis 01, Biguaçu 01, Palhoça 01";Năo foi solicitado;Năo Informado;Năo encontramos a informaçăo de surtos em nenhum formulário. ;Năo;;;;;;;;
3/1/2026 15:21:18;Atualizaçăo (Enviar ŕs 15h).;Raquel Faller/Josiane Verdi Schaade;Rio do Sul;"Chuvas intensas, Enxurrada, Movimento de massa";;"3 - Ibirama, Dona Emma e Rio do Oeste";25;3;2;2;1 Dona Emma;"2 em Rio do Oeste, 1 em Dona Emma e 2 em Ibirama";"Ibirama - 160, Dona Emma - 0 e Rio do Oeste - 77";"Ibirama - 50, Dona Emma - 100 e Rio do Oeste - 150";"Ibirama - 2, Dona Emma - 10  e Rio do Oeste - 3";Ibirama - 1;Ibirama - 1;Ibirama - 1;;;Năo;;;;;;;;
3/1/2026 15:23:25;Atualizaçăo (Enviar ŕs 15h).;UDVE - Andréa Silveira Bortolotto UDVE	- Sandra Léa Kiihl Benkendorf  UDVISA - Solange Bambinetti  UDVISA - Katiane Secco UDVISA - Kalinca Schwarz;Blumenau;Outros;22410. Desastres relacionados a transporte de produtos perigosos/ Extravasamento de produtos perigosos transportados no modal rodoviário.;1 - Indaial;0;1 - Indaial;0;1 Indaial: parcial;1 - Indaial (2 vias interditadas);1 - Indaial;Indaial:  DF 06 pesoas/ RedCap 4 pessoas;Indaial: DF 06 pessoas/ RedCap 4 pessoas;Indaial: DF 0 pessoas/ RedCap 2 pessoas;0;0;0;0;;Năo;;;;;;;;
3/1/2026 15:24:12;Atualizaçăo (Enviar ŕs 15h).;UDVISA - Ana Maria Zandoná Fachin;Joaçaba;Vendaval;;01 - Campos Novos;"06 - Brunópolis, Celso Ramos, Monte Carlo, Vargem e Zortéa (municípios do COREDEC Campos Novos - AMPLASC)";01 - Abdon Batista;1 - Campos Novos;0;0;0;0;05 - Campos Novos;0;0;01 - Campos Novos;0;0;;Năo;;;;;;;;Apenas o município de Campos Novos preencheu a Comunicaçăo de Desastres. (COREDEC Campos Novos - AMPLASC)
3/1/2026 15:29:49;Atualizaçăo (Enviar ŕs 15h).;UDVE - Andréa Silveira Bortolotto UDVE	- Sandra Léa Kiihl Benkendorf  UDVISA - Solange Bambinetti  UDVISA - Katiane Secco UDVISA - Kalinca Schwarz;Blumenau;Outros;23120 - Incęndios em aglomerados residenciais;1 - Pomerode;1 - Pomerode;0;0;0;0;0;0;0;0;0;0;0;0;0;Năo;;;;;;;;
3/1/2026 15:31:16;Atualizaçăo (Enviar ŕs 15h).;"Katia Regina Valentini, Eliane Techio, Juceli Bonamigo";Joaçaba;Vendaval;;Água Doce e Erval Velho;Nenhum dos dois municípios preencheram o formulário do REDcap;"Água Doce - Decreto pronto, mas ainda sem assinatura;
Erval Velho - Decreto assinado";Os dois municípios sem luz;      Sem problemas no abastecimento de água nos dois municípios;Sem problemas de comprometimento nas vias públicas;"Água Doce - 1, Erval Velho - 1";"Água Doce - 20,  Erval Velho - 27";"Água Doce -  zero, Erval Velho - 35";zero;zero;Năo;zero;zero;zero;Năo;;;;;;;;
3/1/2026 15:31:50;Atualizaçăo (Enviar ŕs 15h).;UDVE - Andréa Silveira Bortolotto UDVE	- Sandra Léa Kiihl Benkendorf  UDVISA - Solange Bambinetti  UDVISA - Katiane Secco UDVISA - Kalinca Schwarz;Blumenau;Outros;11321 Deslizamentos;1 Timbó;1 Timbó;0;0;0;1 Timbó (1 via interditada);0;0;0;18;2;0;0;0;0;Năo;;;;;;;;Deslizamento em Pedreira
3/1/2026 15:34:30;Atualizaçăo (Enviar ŕs 15h).;"Moyra Feltrin - Gerente regional de Saude;  Tiago Moreti UDVE;  Daiane Godinho UDVISA, Daniela Pinto Dasoler UDVISA";Criciúma;"Chuvas intensas, Alagamento, Enxurrada, Vendaval, Movimento de massa";Colapso de edificaçőes e Extravasamento de produtos perigosos transportados no modal dutoviário;"12 - Balneário Rincăo;  Cocal do Sul; Criciúma; Forquilhinha; Içara; Lauro Muller; Morro da Fumaça; nova veneza; Orleans; SIDERÓPOLIS; Treviso; Urussanga";x;"11 - Balneário Rincăo;  Cocal do Sul; Forquilhinha; Içara; Lauro Muller; Morro da Fumaça; nova veneza; Orleans; SIDERÓPOLIS; Treviso; Urussanga";"2 - Lauro Muller (Parcial) , Treviso (total)";2 - Lauro Muller e Orleans;"10 - Balneário RIncao (5); Cocal do Sul (2); Forquilhinha (2); Lauro Muller (7); Morro da Fumaça (5), Nova Veneza (1), Orleans (2), Siderópolis (30 ruas) ; Treviso ( 1), Urussanga (2) ";"Balneário RIncao (1), Cocal do Sul (1), Forquilhinha (1), Içara (1), Lauro Muller (1), Morro da Fumaça (2), Nova Veneza (1), Orleans (1), Siderópolis (1), Treviso (1)";"Balneário RIncăo (4) ; Cocal do Sul (8), Forquilhinha (24); Lauro Muller (5); Morro da FUmaça (75),  Nova Veneza(18),  Orleans (5), Siderópolis (12),  Treviso (18) Urussanga (48)";" Cocal do Sul (20), Içara (3); Lauro Muller (80); Morro da FUmaça (44),  Nova Veneza(65),  Orleans (5), Siderópolis (40),  Treviso (18) Urussanga (64)";"Criciúma (1), Içara (1), Lauro Muller (5), Nova Veneza (2), Orleans (10), Urussanga (4)";Lauro Muller (1);"Lauro Muller (1), Nova Veneza (2), Siderópolis 1, Urussanga (1)";x;x;"Siderópolis colocou no formulário 30 vias de acesso interrompidas (acreditamos que seja ruas na verdade) , Treviso colocou desabrigados, mas năo colocou numero de abrigos (vai corrigir informaçăo, e Lauro Muller apareceu no relatório formulário incompleto.";Năo;;;;;;;;x
3/1/2026 15:36:03;Atualizaçăo (Enviar ŕs 15h).;UDVE - Andréa Silveira Bortolotto UDVE	- Sandra Léa Kiihl Benkendorf  UDVISA - Solange Bambinetti  UDVISA - Katiane Secco UDVISA - Kalinca Schwarz;Blumenau;"Chuvas intensas, Inundaçăo, Alagamento, Enxurrada, Microexplosăo, Granizo, Outros";11321 - Deslizamentos;11:  Apiúna: 13213 - Tempestade Local/Convectiva - Granizo Ascurra: 11321 - Deslizamentos Benedito Novo: 13214 - Tempestade Local/Convectiva - Chuvas Intensas Blumenau: 13214 - Tempestade Local/Convectiva - Chuvas Intensas Botuverá: 13214 - Tempestade Local/Convectiva - Chuvas Intensas Brusque: 13214 - Tempestade Local/Convectiva - Chuvas Intensas Doutor Pedrinho: 12300 - Alagamentos Gaspar: 12100 - Inundaçőes Guabiruba:  13214 - Tempestade Local/Convectiva - Chuvas Intensas Rio dos Cedros: 11321 - Deslizamentos  Rodeio: 13214 - Tempestade Local/Convectiva - Chuvas Intensas;"05: Apiúna, Botuverá, Brusque, Guabiruba, Rio dos Cedros";"06: Botuverá, Doutor Pedrinho, Gaspar, Guabiruba, Ascurra, Blumenau";"03,
Blumenau: parcial 
Gaspar: parcial
Benedito Novo: parcial
";0;"09
Apiuna: 0
Ascurra: 0,
Benedito Novo: 5,
Blumenau: 3
Botuverá: 5
Brusque: 5
Doutor Pedrinho: 7 
Gaspar: 154
Guabiruba: 2
Rio dos Cedros: 1
Rodeio: 50
";Rodeio: 1  Ascurra: 1 Doutor Pedrinho: 1;Apiúna: 58 Ascurra: 1.370 Brusque: 46 Blumenau: 0 Gaspar: DF 85 /  RedCap: 0 Guabiruba: 45 Rodeio: DF 80/ RedCap 20 Benedito Novo: DF 76 / RedCap: 0 Doutor Pedrinho: 24  Rio dos Cedros: 3 Botuverá: 15;Apiúna: 31 Ascurra: 58 Blumenau: 0 Brusque: 75 Gaspar:  DF 300/ RedCap - 0 Guabiruba: 50 Rodeio: DF 2.500/ RedCap 20 Benedito Novo: 20 Doutor Pedrinho: 116 Rio dos Cedros: 0 Botuverá: 10;Apiúna: 0 Ascurra: 0 Benedito Novo: 1 Blumenau: 0 Botuverá: 10 Brusque: 0 Doutor Pedrinho: 1 / RedCap: 0 Gaspar: 0 Guabiruba: 0 Rio dos Cedros: 0 Rodeio: DF 0 / Redcap: 2 Botuverá : 0;Apiuna: 0 Ascurra: 0 Benedito Novo: 0 Blumenau: 0 Botuverá: 0 Brusque: 0 Doutor Pedrinho: 0  Gaspar: 0 Guabiruba: 0 Rio dos Cedros: 1 Rodeio: 0;Apiúna: Ascurra: 0 Benedito Novo:  Blumenau: 0 Botuverá:  Brusque:  Doutor Pedrinho:   Gaspar: 4 Guabiruba: Rio dos Cedros:  Rodeio: 0;0;0;0;Năo;;;;;;;;
3/1/2026 15:39:07;Atualizaçăo (Enviar ŕs 15h).;UDVE Fernanda de Menezes Siqueira de Melo / UDVISA Marcia Rodrigues da Silva;Joinville;"Chuvas intensas, Alagamento, Outros";Itapoá - Transporte rodoviário - Acidente no modal rodoviário envolvendo o transporte de passageiros ou cargas năo perigosas - Vazamento de óleo diesel;"6 Araquari, Barra do Sul, Garuva, Itapoá, Joinville e Săo Francisco do Sul";"3 Barra do Sul, Garuva e Itapoá";"
6 Araquari, Barra do Sul, Garuva, Itapoá, Joinville e Săo Francisco do Sul";1 Săo Francisco do Sul;1 Săo Francisco do Sul;1 Itapoá;"Araquari 1, Joinville 1 e Săo Francisco do Sul 2";"Araquari 10; Garuva 4; Joinville 38; ";"Araquari 12; Barra do Sul 80; Garuva 13; Joinville 26; Săo Francisco do Sul 200";"Garuva 4; Barra do Sul 20";0;2 Joinville;0;0;Itapoá - Transporte rodoviário - Acidente no modal rodoviário envolvendo o transporte de passageiros ou cargas năo perigosas - Vazamento de óleo diesel - Ocorręncia encerrada após manejo com açőes de contençăo. Năo houve comprometimento de mananciais nem pessoas envolvidas;Năo;;;;;;;;"* Feito contato com CRRIH Joinville para averiguar demandas de necessidade de leitos para casos graves e moderados de pediatria, neonatos, gestante e adolescentes. 
Vítimas graves 
- 1 pediatria - Hospital Infantil de Joinville
- 1 Gestante - Hospital regional Hans Dieter Schimidt
Vítimas moderadas
- 1 neonatal - Hospital Infantil de Joinville
- 2 adolescentes - se maiores de 14 anos, para Hospital regional Hans Dieter Schimidt ou Hospital Municipal Săo José. Se menores de 14 anos, encaminhar ao Hospital Infantil de Joinville

* CIEVS Municipal de Joinville elaborou Nota de Alerta para rede assistencial para condutas diante das possíveis doenças que podem afetar a populaçăo em casos de enchentes 

*Participaçăo ativa do município de Săo Francisco do Sul, envolvendo Defesa Civil, VE e Visa Municipal, atuando presencialmente in loco para atender as demandas"
3/1/2026 15:42:57;Atualizaçăo (Enviar ŕs 15h).;Andreza Granoski UDVE Juliana Cássia Bonatto UDVS Claudete Gerhardt UDVS;Concórdia;"Chuvas intensas, Inundaçăo, Alagamento, Enxurrada, Vendaval, Tornado, Granizo";;"13 MUNICIPIOS Arabută, Ipira, Irani, Seara, Xavaantina, Ipumirim, Piratuba, Concordia, Itá,Lindóia do Sul,Alto Bela Vista, Presidente Castello Branco e Peritiba";0;100% dos municipios. ;" 2  Lindóia do Sul, Xavantina"; 01 Lindóia do Sul;"Arabută 5 acessos, Piratuba 2 acessos, Itá 01 acesso, Ipumirim 02 acessos,Irani 02 acessos, Concordia 02 acessos,Ipira 5, Seara 6, Presidente Castello Branco 01";Seara       Xavantina      Lindoia do Sul  16 abrigos na regional de Concordia;"Presidente Castello Branco 1,Arabută 156 pessoas  Seara 94, Ipira 66, Irani 55, Xavantina 41, Ipumirim 37, Piratuba 20, Concordia 15, Itá 13, Lindoia do Sul 5  ";"Peritiba 18,Arabută 25, Irani 115, Ipumirim 26, Piratuba 20,Concordia 25, Itá 20, Lindóia do Sul 15";"Peritiba 1, Presidente Castello Branco 1, Arabută 9, Ipira 77, Irani 35, Ipumirim 2, Concordia 2, Lindóia do Sul 2 ";"Ipira 5,  Concórdia 01 ";Arabută 01 UBS;0;0;foi colocado zero nas questőes que năo tivemos acesso a informaçăo;Năo;;;;;;;;A planilha é de dificil compreensăo por năo estar dividida por Regional e também por năo estarmos na Defesa Civil e sim em nossas residencias para preencher os dados 
3/1/2026 15:43:22;Atualizaçăo (Enviar ŕs 15h).;UDVE: Daniela Debastiani e Celita de Fátima Almeida UDVISA: Aline Minetto Sikoski;Xanxerę;"Chuvas intensas, Inundaçăo, Alagamento, Enxurrada, Vendaval, Tornado, Seca/Estiagem, Outros";22110;"Abelardo Luz, Bom Jesus, Campo Erę, Coronel Martins, Entre Rios, Faxinal dos Guedes, Galvăo, Ipuaçu, Jupiá, Lajeado Grande, Marema, Novo Horizonte, Ouro Verde, Passos Maia, Ponte Serrada, Săo Bernardino, Săo Domingos, Săo Lourenço do Oeste, Vargeăo, Xanxerę, Xaxim.";"11 municípios: Campo Erę, Galvăo, Ipuaçu, Jupiá, Lajeado Grande, Marema, Passos Maia, Săo Domingos, Săo Lourenço do Oeste, Xanxerę e Xaxim.";" 15 municípios: Abelardo Luz, Bom Jesus, Campo Erę, Coronel Martins, Entre Rios, Faxinal dos Guedes, Galvăo, Ipuaçu, Jupiá, Marema, Novo Horizonte, Ouro Verde, Săo Domingos, Săo Lourenço do Oeste e Xaxim.";"7 municípios: Campo Erę, Entre Rios, Faxinal dos Guedes, Jupiá, Ouro Verde, Săo Lourenço do Oeste e Vargeăo";"4 municípios: Campo Erę, Entre Rios, Jupiá e Marema.";"10 municípios: Abelardo Luz, Entre Rios, Faxinal dos Guedes, Ipuaçu, Jupiá, Lajeado Grande, Novo Horizonte, Săo Domingos, Săo Lourenço do Oeste e Xanxerę.";"Abelardo Luz 1, Bom Jesus 1, Campo Erę 1, Coronel Martins 1, Entre Rios 1, Faxinal dos Guedes 1, Ipuaçu 1, Jupiá 1, Ouro Verde 1, Ponte Serrada 1, Săo Domingo 1, Săo Lourenço do Oeste 1, Vargeăo 1, Xanxerę 1, Xaxim 1.";"Abelardo Luz 25, Bom Jesus 4, Campo Erę 0, Coronel Martins 0, Entre Rios 15, Faxinal dos Guedes 80, Ipuaçu 20, Jupiá 10, Lajeado Grande 0, Marema 0, Novo Horizonte 38, Ouro Verde 9, Ponte Serrada 0, Săo Bernardino 8, Săo Domingo 105, Săo Lourenço do Oeste 26, Vargeăo 0, Xanxerę 17, Xaxim 0.";"Abelardo Luz 0, Bom Jesus 5, Campo Erę 80, Coronel Martins 10, Entre Rios 8, Faxinal dos Guedes 40, Ipuaçu 5, Jupiá 10, Lajeado Grande 0, Marema 0, Novo Horizonte 3, Ouro Verde 9, Ponte Serrada 0, Săo Bernardino 3, Săo Domingo 0, Săo Lourenço do Oeste 0, Vargeăo 10, Xanxerę 0, Xaxim 0.";"Abelardo Luz 5, Bom Jesus 1, Campo Erę 30, Coronel Martins 0, Entre Rios 5, Faxinal dos Guedes 16, Ipuaçu 3, Jupiá 2, Lajeado Grande 2, Marema 0, Novo Horizonte 1, Ouro Verde 0, Ponte Serrada 0, Săo Bernardino 3, Săo Domingo 1, Săo Lourenço do Oeste 6, Vargeăo 1, Xanxerę 4, Xaxim 1.";Năo houve óbitos em nenhum município.;Jupiá 10 e Xanxerę 1.;"Abelardo Luz 1, Faxinal dos Guedes 14, Săo Lourenço do Oeste 60.";Nenhum município registrou surto em decorręncia do evento.;Alguns municípios năo enviaram nenhuma informaçăo até o momento.;Năo;;;;;;;;
3/1/2026 15:44:41;Atualizaçăo (Enviar ŕs 15h).;"Katia Regina Valentini - UDVISA, Eliane Techio e Juceli Bonamigo - UDVE";Joaçaba;Granizo;NĂO;"3 - Catanduvas, Ibicaré, Vargem Bonita";Nenhum dos tręs municípios preencheu o formulário REDECap;"Catanduvas - Decreto pronto, ainda năo assinado,
Ibicaré - Decreto assinado,
Vargem Bonita - Sem decreto até o momento";Ibicaré e Vargem Bonita com problemas no abastecimento de energia elétrica;Vargem Bonita com problemas de abastecimento de água;Ibicaré e Vargem Bonita com problemas nas vias públicas;"Catanduvas - 1, Ibicaré - 1";"Catanduvas - 312, Ibicaré - 10";"Catanduvas - 102; Ibicaré - 12";Catanduvas - 16;Zero;Zero;Zero;Zero;Informado que feridos foram atendidos no município;Năo;;;;;;;;zero
3/1/2026 15:46:09;Atualizaçăo (Enviar ŕs 15h).;"Débora Samira da Costa- UDVE, Marta Aparecida dos Santos Silva- UDVE, Adriana Brum- Vigidesastres, Rita Rebonatto Oltramari- UDVISA";Chapecó;"Chuvas intensas, Inundaçăo, Alagamento, Enxurrada, Vendaval, Granizo, Outros";"Deslizamnetos, Rompimimento de Barragens, Incęndio";20;0;"19, Águas de Chapecó, Cordilheiura Alta, Coronel Freitas, Nova Itaberaba, Paial, Planalto Alegre, Santiago do Sul, Uniăo do Oeste, Águas Frias, Guatambú, Nova Erechim, Serra Alta, Sul Brasil, Arvoredo, Caxambú do Sul, Jardinópolis, Pinhalzinho, Săo Carlos, Chapecó";6;2;"16 vias comprometidas. Săo Carlos (8), Coronel Freitas (2), Caxambú do Sul (9) Formosa do SUl (3), Cordilheira Alta (1), Paial (5), Pinhalzinho (6), Guatambú (2), Nova Erechim (2) Jardinópolis (2), Planalto Alegre (1), Nova Itaberaba (1), Águas Frias (2), Serra Alta (5), Unăo do Oeste (2), Chapecó (11)";"Săo Carlos (1), Coronel Freitas (2), Caxambú do Sul (1) Formosa do SUl (1)Cordilheira Alta (1), Paial (1), Pinhalzinho (1), Guatambú (1), Nova Erechim (1) Jardinópolis (1), Planalto Alegre (1), Nova Itaberaba (1), Águas Frias (2), Serra Alta (1), Unăo do Oeste (1), Chapecó (1)Sul Brasil (1) Arvoredo(1)Águas de Chapecó(1), Santiago do Sul(2)";"Săo Carlos (63), Coronel Freitas (0), Caxambú do Sul (40) Formosa do SUl (40)Cordilheira Alta (12), Paial (58), Pinhalzinho (80), Guatambú (0), Nova Erechim (1) Jardinópolis (1), Planalto Alegre (5), Nova Itaberaba (10), Águas Frias (0), Serra Alta (0), Unăo do Oeste (12), Chapecó (0)Sul Brasil (0) Arvoredo(35)Águas de Chapecó(150), Santiago do Sul(40)";"Săo Carlos (129), Coronel Freitas (0), Caxambú do Sul (110) Formosa do SUl (100)Cordilheira Alta (240), Paial (58), Pinhalzinho (120), Guatambú (1), Nova Erechim (1) Jardinópolis (1), Planalto Alegre (20), Nova Itaberaba (10), Águas Frias (0), Serra Alta (0), Uniăo do Oeste (0), Chapecó (0)Sul Brasil (0) Arvoredo(135)Águas de Chapecó(350), Santiago do Sul(40)";"Săo Carlos (11), Coronel Freitas (60), Caxambú do Sul (0) Formosa do SUl (0)Cordilheira Alta (0), Paial (3), Pinhalzinho (10), Guatambú (1), Nova Erechim (1) Jardinópolis (1), Planalto Alegre (6), Nova Itaberaba (3), Águas Frias (20), Serra Alta (15), Uniăo do Oeste (2), Chapecó (2)Sul Brasil (0) Arvoredo(0)Águas de Chapecó(0), Santiago do Sul(3)";Pinhalzinho (3) Serra Alta (2);0;0;0;;Năo;;;;;;;;
3/1/2026 15:46:30;Atualizaçăo (Enviar ŕs 15h).;"UDVISA SIMONE ROBERTA ORLANDI, CRISTIANE DECESARO KONZEN, UDVE MARCIELI BOGO, GERSA ADM LARISSA DEMARCO";Săo Miguel do Oeste;"Alagamento, Vendaval, Tornado, Granizo, Outros";"DESLIZAMENTO, ACIDENTE PRODUTOS PERIGOSOS, INCENDIO";"17 MUNICÍPIOS, BOM JESUS DO OESTE, CAIBI, CAMPO ERE, CUNHA PORA, CUNHATAI, FLOR DO SERTAO, IRACEMINHA, MARAVILHA, MODELO, PALMITOS, RIQUEZA, ROMELANDIA, SALTINHO, SANTA TEREZINHA DO PROGRESSO, SAO MIGUEL DA BOA VISTA, SAUDADES, TIGRINHOS";"04 MUNICIPIOS, CUNHA PORĂ, SANTA TEREZINHA DO PROGRESSO, SAO MIGUEL DA BOA VISTA, SAUDADES.";"10 MUNICÍPIOS CONFECCIONARAM O DECRETO, CAIBI, CUNHA PORA, CAMPO ERE, CUNHATAI, IRACEMINHA, MARAVILHA, MODELO, PALMITOS, RIQUEZA, SALTINHO, SAO MIGUEL DA BOA VISTA. 01 MUNICIPIO PUBLICOU O DECRETO QUE FOI ROMELANDIA.";O MUNICIPIOS.;0 MUNICÍPIOS;0 MUNICÍPIOS;15 MUNICIPIOS COM UM ABRIGO ABERTO.;"BOM JESUS DO OESTE: 20, CAMPO ERE:80, CAIBI:00, CUNHATAI:09, FLOR DO SERTĂO:12, MARAVILHA:19, MODELO:44, PALMITOS:00, RIQUEZA:90, ROMELANDI:20, SALTINHO:21, TIGRINHOS:00.";"BOM JESUS DO OESTE: 20, CAIBI:16, CUNHATAI:18, FLOR DO SERTĂO:12, MARAVILHA:19, MODELO:32, PALMITOS:00, RIQUEZA:100, ROMELANDIA:20, SALTINHO:21, TIGRINHOS:00, CAMPO ERE:80";"BOM JESUS DO OESTE:01, CAIBI:00, CAMPO ERE:30CUNHATAI: 01, FLOR DO SERTĂO:13, MARAVILHA:03, MODELO:04, PALMITOS:00, RIQUEZA:40, SALTINHO:00, ROMELANDIA:00, TIGRINHOS:00.";"BOM JESUS DO OESTE:00, CAIBI:00, CAMPO ERE:00FLOR DO SERTĂO:00, CAMPO ERE:30, CUNHATAI:00, MARAVILHA: 03, MODELO:00, PALMITOS:01, RIQUEZA:00, ROMELANDIA:00, SALTINHO:00, TIGRINHOS:00";"BOM JESUS DO OESTE:00, CAIBI:00, CAMPO ERE:00, CUNHATAI:00, FLOR DO SERTĂO: 00MARAVILHA:00, MODELO:00, PALMITOS:00, RIQUEZA:00, ROMELANDIA:00, SALTINHO:00, TIGRINHOS:00";NENHUM MUNICIPIO SOLICITOU KITS.;NENHUM.;;Năo;;;;;;;;
3/1/2026 15:46:47;Atualizaçăo (Enviar ŕs 15h).;UDVISA - DIEGO GIUSTI RODOWANSKI   UDVE - MARIANA HAHN;Araranguá;"Chuvas intensas, Inundaçăo, Alagamento, Enxurrada, Granizo, Movimento de massa";;15 - Araranguá  Maracajá  Balneário Arroio do Silva Meleiro Morro Grande Sombrio Baln. Gaivota Ermo Timbé do Sul Jacinto Machado Santa Rosa do Sul  Praia Grande Săo Joăo do Sul Passo de Torres Turvo;"12 -
Araranguá 
Balneário Arroio do Silva
Morro Grande
Sombrio
Baln. Gaivota
Ermo
Jacinto Machado
Santa Rosa do Sul 
Praia Grande
Săo Joăo do Sul
Passo de Torres
Turvo";"15 - 
Araranguá 
Maracajá 
Balneário Arroio do Silva
Meleiro
Morro Grande
Sombrio
Baln. Gaivota
Ermo
Timbé do Sul
Jacinto Machado
Santa Rosa do Sul 
Praia Grande
Săo Joăo do Sul
Passo de Torres
Turvo";"3 - MARACAJÁ, MELEIRO, TIMBÉ DO SUL";"3 - MARACAJÁ, MELEIRO, TIMBÉ DO SUL";1 - MELEIRO;Maracajá  - 1    MELEIRO -1   TOMBÉ DO SUL - 1;TIMBÉ DO SUL - 54    MELEIRO- 10    MARACAJÁ- 270;TIMBÉ DO SUL - 35   MARACAJÁ- 50;TIMBÉ DO SUL - 54     MELEIRO - 2;0;MARACAJÁ - 20 UBS;0;0;;Năo;;;;;;;;
3/1/2026 15:57:06;Atualizaçăo (Enviar ŕs 15h).;"Katia Valentini - UDVISA, Eliane Techio e Juceli Bonamigo - UDVE";Joaçaba;Inundaçăo;zero;2 - Joaçaba e Jaborá;"
Jaborá - Năo preencheu o formulário REDCap;";"Joaçaba  - Decreto pronto, sem assinatura;
Jaborá - Decreto pronto, năo assinado ainda";"Joaçaba - Problemas com abastecimento de energia elétrica;
Jaborá - sem problemas";"Joaçaba - Problemas com abastecimento de água;
Jaborá - sem problemas";"Joaçaba - Problemas nas vias públicas;
Jaborá - sem problemas";"Joaçaba - 1; Jaborá - 1";"Joaçaba - 80; Jaborá - 32";"Joaçaba - 52; Jaborá - 17";Jaborá - 2;zero;zero;zero;zero;zero;Năo;;;;;;;;Orientaçőes conforme cartilha da DIVE ENCHENTE
3/1/2026 16:03:17;Atualizaçăo (Enviar ŕs 15h).;"Katia Valentini UDVISA, Eliane Techio e Juceli Bonamigo UDVE";Joaçaba;Alagamento;zero;1 - Capinzal;Município năo preencheu o formulário REDECap;Decreto assinado;Sim;Sim;Sim;1;15;20;zero;zero;zero;zero;zero;zero;Năo;;;;;;;;Orientaçăo conforme cartilha enchentes DIVE
3/1/2026 16:11:46;Atualizaçăo (Enviar ŕs 15h).;"Katia Valentini UDVISA, Eliane Techio e Juceli Bonamigo UDVE";Joaçaba;Enxurrada;zero;"2 - Herval D'Oeste, Lacerdópolis";Municípios năo preencheram formulário REDCap;Herval D'Oeste e Lacerdópolis assinados;Lacerdópolis - Problemas no fornecimento;Nenhum;Lacerdópolis e Herval D'Oeste com problemas nas vias públicas;Lacerdópolis - 1;Lacerdópolis - 3;"Lacerdópolis - 10; Herval D'Oeste - 60";zero;zero;zero;zero;zero;zero;Năo;;;;;;;;
3/1/2026 16:13:16;Atualizaçăo (Enviar ŕs 15h).;Raquel Faller/Josiane Verdi Schaade;Rio do Sul;"Chuvas intensas, Inundaçăo, Enxurrada, Movimento de massa";;"4 (Aurora, Dona Emma, Ibirama, Rio do Oeste)";24;4;2;2;"Ibirama, Rio do Oeste";"Ibirama:2, Rio do Oeste: 2, Dona Emma: 1, Aurora: 1";"Ibirama: 160, Rio do Oeste: 77,  Dona Emma: 0, Aurora: 60";"Ibirama: 50, Rio do Oeste: 150,  Dona Emma:100, Aurora: 60";"Ibirama: 2, Rio do Oeste: 3,  Dona Emma: 10, Aurora: 0";Ibirama: 1;Ibirama:1;Ibirama:1;;;Năo;;;;;;;;
3/1/2026 16:15:40;Atualizaçăo (Enviar ŕs 15h).;Helena Caetano / Clarice S. Duarte;Tubarăo;"Chuvas intensas, Inundaçăo, Alagamento, Enxurrada, Vendaval";;18;17;8;0;0;83;19;348;748;11;0;0;0;0;"Alguns municípios preencheram as informaçőes em REDCAP, porém, as informaçőes năo aparecem atualizadas na planilha geral. ";Năo;;;;;;;;"Municípios envolvidos alimentaram as informaçőes através do acesso da REDCAP, porém, na planilha geral as informaçőes năo aparecem atualizadas. "
3/1/2026 16:16:43;Atualizaçăo (Enviar ŕs 15h).;UDVS: Alys Batista e Marilene Novello / UDVE: Grazielle Machado e Dayanne Domingues;Mafra;"Chuvas intensas, Inundaçăo, Alagamento, Enxurrada, Vendaval, Tornado, Granizo";;"13: MAFRA, RIO NEGRINHO, SĂO BENTO DO SUL, CAMPO ALEGRE, ITAIÓPOLIS, PAPANDUVA, MONTE CASTELO, MAJOR VIEIRA, BELA VISTA DO TOLDO, IRINEÓPOLIS, CANOINHAS, PORTO UNIĂO, TRĘS BARRAS";"9 (năo preencheram redcap para atualizaçőes do evento): RIO NEGRINHO, CAMPO ALEGRE, ITAIÓPOLIS, PAPANDUVA, MONTE CASTELO, MAJOR VIEIRA, BELA VISTA DO TOLDO, IRINEÓPOLIS, TRĘS BARRAS.";"11: MAFRA, RIO NEGRINHO, SĂO BENTO DO SUL, CAMPO ALEGRE, ITAIÓPOLIS, MAJOR VIEIRA, BELA VISTA DO TOLDO, IRINEÓPOLIS, CANOINHAS, PORTO UNIĂO, TRĘS BARRAS";"8: MAFRA, SĂO BENTO DO SUL, CAMPO ALEGRE, MAJOR VIEIRA, BELA VISTA DO TOLDO, IRINEÓPOLIS, PORTO UNIĂO, TRĘS BARRAS.";"5: CAMPO ALEGRE, BELA VISTA DO TOLDO, CANOINHAS. ";"MAFRA: 0; RIO NEGRINHO: 1; SĂO BENTO DO SUL: 0; CAMPO ALEGRE: 0;  ITAIÓPOLIS: 0; PAPANDUVA: (năo informado); MONTE CASTELO: 0; MAJOR VIEIRA: 0; BELA VISTA DO TOLDO: 0; IRINEÓPOLIS: 1; CANOINHAS: 0; PORTO UNIĂO: 0; TRĘS BARRAS: 0.";"SĂO BENTO DO SUL: 1; CAMPO ALEGRE: 2; MONTE CASTELO:1; MAJOR VIEIRA: 1; BELA VISTA DO TOLDO, IRINEÓPOLIS: 1; CANOINHAS: 1; PORTO UNIĂO: 1; TRĘS BARRAS: 1.";"MAFRA: 0; RIO NEGRINHO: 0; SĂO BENTO DO SUL: 50; CAMPO ALEGRE: 160;, ITAIÓPOLIS, PAPANDUVA: năo informado, MONTE CASTELO: 5; MAJOR VIEIRA: 40; BELA VISTA DO TOLDO: 26; IRINEÓPOLIS: 29; CANOINHAS:15; PORTO UNIĂO: 80; TRĘS BARRAS: 60.";"MAFRA: 45; RIO NEGRINHO: 0; SĂO BENTO DO SUL: 27; CAMPO ALEGRE: 160;  ITAIÓPOLIS: 0; PAPANDUVA: (năo informado); MONTE CASTELO: 0; MAJOR VIEIRA: 200; BELA VISTA DO TOLDO: 28; IRINEÓPOLIS: 9; CANOINHAS: 15; PORTO UNIĂO: 20; TRĘS BARRAS: 40.";"MAFRA: 0; RIO NEGRINHO: 0; SĂO BENTO DO SUL: 0; CAMPO ALEGRE: 17;  ITAIÓPOLIS: 0; PAPANDUVA: (năo informado); MONTE CASTELO: 0; MAJOR VIEIRA: 1; BELA VISTA DO TOLDO: 0; IRINEÓPOLIS: 15; CANOINHAS: 0; PORTO UNIĂO: 0; TRĘS BARRAS: 6.";"MAFRA: 0; RIO NEGRINHO: 0; SĂO BENTO DO SUL: 0; CAMPO ALEGRE: 0;  ITAIÓPOLIS: 0; PAPANDUVA: (năo informado); MONTE CASTELO: 0; MAJOR VIEIRA: 0; BELA VISTA DO TOLDO: 0; IRINEÓPOLIS: 0; CANOINHAS: 0; PORTO UNIĂO: 0; TRĘS BARRAS: 0.";"MAFRA: 1; RIO NEGRINHO: 0; SĂO BENTO DO SUL: 0; CAMPO ALEGRE: 0;  ITAIÓPOLIS: 0; PAPANDUVA: (năo informado); MONTE CASTELO: 0; MAJOR VIEIRA: 0; BELA VISTA DO TOLDO: 1; IRINEÓPOLIS: 0; CANOINHAS: 0; PORTO UNIĂO: 0; TRĘS BARRAS: 0.";"MAFRA: 0; RIO NEGRINHO: 0; SĂO BENTO DO SUL: 0; CAMPO ALEGRE: 0;  ITAIÓPOLIS: 0; PAPANDUVA: (năo informado); MONTE CASTELO: 0; MAJOR VIEIRA: 0; BELA VISTA DO TOLDO: 0; IRINEÓPOLIS: 0; CANOINHAS: 0; PORTO UNIĂO: 0; TRĘS BARRAS: 0.";"MAFRA: 0; RIO NEGRINHO: 0; SĂO BENTO DO SUL: 0; CAMPO ALEGRE: 0;  ITAIÓPOLIS: 0; PAPANDUVA: (năo informado); MONTE CASTELO: 0; MAJOR VIEIRA: 0; BELA VISTA DO TOLDO: 0; IRINEÓPOLIS: 0; CANOINHAS: 0; PORTO UNIĂO: 0; TRĘS BARRAS: 0.";;Năo;;;;;;;;"Alguns municípios tiveram muitas dificuldades para se comunicar com outros setores, em outros năo foram disponibilizados recursos humanos para atender o evento simulado.

- Papanduva: sem profissionais da VE e VISA participando do simulado. As informaçőes foram obtidas através da Defesa Civil.
- Rio Negrinho: sem profissionais da VE e VISA participando do simulado.
- Campo Alegre: coordenadora participou mas năo atendeu ao chamado da UDVS e UDVE em tempo hábil.
- Monte Castelo: sem profissionais da VE e VISA participando do simulado. As informaçőes foram obtidas através da Defesa Civil.
- Bela Vista do Toldo: sem profissionais da VE e VISA participando do simulado. informaçőes obtidas do Sec. Municipal de Saúde.
- Irineópolis: sem profissionais da VE e VISA participando do simulado. As informaçőes foram obtidas do Sec. Municipal de Saúde.
- Itaiópolis: sem profissionais da VISA participando do simulado.

"
3/1/2026 16:18:42;Notificaçăo (Enviar ŕs 10h30).;UDVE Marcello  José Ramos UDVISA Simone N da S Pereira e Daiane de Castro;Itajaí;"Chuvas intensas, Inundaçăo, Alagamento, Enxurrada, Vendaval, Movimento de massa, Outros";Produtos perigosos;11;"5 MUNICÍPIOS: Penha,Piçarras,Porto Belo ,Bombinhas e Ilhotas";"11 MUNICÍPIOS, segundo Geręncia Regional de Defesa Civil (Rocha): Balneário Camboriú, Balneário Piçarras, Bombinhas, Camboriú, Ilhota, Itajaí, Itapema, Luiz Alves, Navegantes, Penha e Porto Belo";"4 MUNICÍPIOS: BalneárioCamboriú (parcial); Camboriú (total); Itapema (total), Luiz Alves (total); Navegantes (total)";"2 MUNICÍPIOS: Camboriú (parcial); Itapema (parcial)";Sem Informaçăo;"Balneário Camboriú (1); Camboriú (1); Itapema (1); Luiz Alves (1); Navegantes (2); Itajaí";"Balneário Camboriú (1); Camboriú (1); Itapema (1); Luiz Alves (1); Navegantes (2); Itajaí(44)";"Balneário Camboriú (16); Itapema (104); Luiz Alves (152),Itajaí (44)";Camboriú (6);"Nenhum óbito na planilha, mas segundo Geręncia Regional de Defesa Civil (Rocha), Balneário Camboriú com 2 óbitos e Ilhota com 1 óbito ";"Balneárioc Camboriú (11); Camboriú (11); Itapema (4); Luiz Alves (2); Navegantes (4)tajaí(2)";Sem essa informaçăo;sem essa informaçăo;;Năo;;;;;;;;A planilha deveria ser mais objetiva em  e por abas de regionais para melhor visualizaçăo
3/1/2026 16:22:44;Atualizaçăo (Enviar ŕs 15h).;"Katia Valentini UDVISA; Eliane Techio e Juceli Bonamigo UDVE";Joaçaba;Chuvas intensas;zero;"3 - Ouro, Luzerna, Treze Tílias";Nenhum município preencheu formulário REDCap;"Ouro  e Treze Tílias - ainda sem decreto;
Luzerna - Decreto ainda sem assinatura";Ouro e Luzerna com comprometimento na rede elétrica;Luzerna - problemas com abastecimento de água;os 3 municípios com comprometimento de vias públicas;"Ouro - 1; Luzerna - 1";"Ouro - 12; Luzerna - 50, Treze Tílias - 4";"Ouro -0, Luzerna - 50, Treze Tílias - 4 ";Treze Tílias - 1;zero;zero;zero;zero;;Năo;;;;;;;;
3/1/2026 16:26:24;Atualizaçăo (Enviar ŕs 15h).;UDVE- Claudia Lopes/UDVISA- Saulo Tadeu Ramos ;Lages;"Chuvas intensas, Inundaçăo, Alagamento, Enxurrada, Outros";Desastres relacionados a produtos perigosos;"18 -ANITA GARIBALDI, BOCAINA DO SUL, BOM JARDIM DA SERRA, BOM RETIRO, CAMPO BELO DO SUL, CAPĂO ALTO, CERRO NEGRO, CORREIA PINTO, LAGES, OTACÍLIO COSTA, PAINEL, PALMEIRA, PONTE ALTA, RIO RUFINO, SĂO JOAQUIM, SĂO JOSÉ DO CERRITO, URUBICI, URUPEMA";"09 - BOM RETIRO, CAMPO BELO DO SUL, CAPĂO ALTO, CERRO NEGRO, OTACÍLIO COSTA, PAINEL, PALMEIRA, PONTE ALTA,  SĂO JOAQUIM, SĂO JOSÉ DO CERRITO";"14- ANITA GARIBALDI,  BOM JARDIM DA SERRA, BOM RETIRO, CERRO NEGRO, LAGES, OTACÍLIO COSTA, PAINEL, PALMEIRA, PONTE ALTA, RIO RUFINO, SĂO JOAQUIM, SĂO JOSÉ DO CERRITO, URUBICI, URUPEMA";2 - RIO RUFINO E URUBICI;2 - CORREIA PINTO E URUBICI;"10 - BOM RETIRO, CAMPO BELO DO SUL,  CERRO NEGRO, OTACÍLIO COSTA, PAINEL, PALMEIRA, PONTE ALTA,  SĂO JOAQUIM, SĂO JOSÉ DO CERRITO.";"ANITA GARIBALDI(1), BOCAINA DO SUL(1), BOM JARDIM DA SERRA(2), BOM RETIRO(1), CAMPO BELO DO SUL(1), CAPĂO ALTO(0), CERRO NEGRO(1), CORREIA PINTO(2), LAGES(0), OTACÍLIO COSTA(1), PAINEL(1), PALMEIRA(2), PONTE ALTA(1), RIO RUFINO(1), SĂO JOAQUIM(1), SĂO JOSÉ DO CERRITO(1), URUBICI(1), URUPEMA(1)";"ANITA GARIBALDI(0), BOCAINA DO SUL(20), BOM JARDIM DA SERRA(60), BOM RETIRO(0), CAMPO BELO DO SUL(0), CAPĂO ALTO(15), CERRO NEGRO(15), CORREIA PINTO(40), LAGES(4), OTACÍLIO COSTA(0), PAINEL(15), PALMEIRA(28), PONTE ALTA(20), RIO RUFINO(17), SĂO JOAQUIM(0), SĂO JOSÉ DO CERRITO(80), URUBICI(80), URUPEMA(6)";"ANITA GARIBALDI(30), BOCAINA DO SUL(45), BOM JARDIM DA SERRA(0), BOM RETIRO(720), CAMPO BELO DO SUL(30), CAPĂO ALTO(22), CERRO NEGRO(0), CORREIA PINTO(40), LAGES(2), OTACÍLIO COSTA(0), PAINEL(35), PALMEIRA(28), PONTE ALTA(8), RIO RUFINO(52), SĂO JOAQUIM(17), SĂO JOSÉ DO CERRITO(20), URUBICI(55), URUPEMA(10)";"ANITA GARIBALDI(0), BOCAINA DO SUL(0), BOM JARDIM DA SERRA(0), BOM RETIRO(0), CAMPO BELO DO SUL(0), CAPĂO ALTO(0), CERRO NEGRO(0), CORREIA PINTO(0), LAGES(0), OTACÍLIO COSTA(0), PAINEL(0), PALMEIRA(0), PONTE ALTA(0), RIO RUFINO(0), SĂO JOAQUIM(0), SĂO JOSÉ DO CERRITO(0), URUBICI(0), URUPEMA(0)";"ANITA GARIBALDI(0), BOCAINA DO SUL(0), BOM JARDIM DA SERRA(0), BOM RETIRO(0), CAMPO BELO DO SUL(0), CAPĂO ALTO(0), CERRO NEGRO(0), CORREIA PINTO(0), LAGES(0), OTACÍLIO COSTA(0), PAINEL(0), PALMEIRA(0), PONTE ALTA(0), RIO RUFINO(0), SĂO JOAQUIM(0), SĂO JOSÉ DO CERRITO(0), URUBICI(0), URUPEMA(0)";"ANITA GARIBALDI(0), BOCAINA DO SUL(0), BOM JARDIM DA SERRA(0), BOM RETIRO(0), CAMPO BELO DO SUL(0), CAPĂO ALTO(0), CERRO NEGRO(0), CORREIA PINTO(0), LAGES(0), OTACÍLIO COSTA(0), PAINEL(0), PALMEIRA(0), PONTE ALTA(0), RIO RUFINO(0), SĂO JOAQUIM(0), SĂO JOSÉ DO CERRITO(0), URUBICI(1), URUPEMA(0)";RIO RUFINO (1) os demais năo solicitaram;Năo houve surtos ;Compilados dados tanto do formulário de comunicaçăo de desastres como do painel da Defesa Civil ;Năo;;;;;;;;"Segundo informaçăo da Defesa Civil apenas o município de Lages realizou o simulado com cenário e atores, os demais municípios a simulaçăo foi apenas documental"
3/1/2026 16:39:14;Atualizaçăo (Enviar ŕs 15h).;"UDVE - Marcio R Z Pereira, UDVISA - Cristine Walker";Săo Miguel do Oeste;"Vendaval, Tornado, Granizo, Movimento de massa";;"Total de 09 municípios afetados: Anchieta, Barra Bonita, Bandeirante, Belmonte, Iporă do Oeste, Guarujá do Sul, Santa Helena, Săo José do Cedro, Paraíso";"Total 09 município tabela RedCap 15h28: Santa Helena, ITAPIRANGA, Tunápolis, Bandeirante, Guaraciaba, Princesa, Anchieta, Descanso e Săo Joăo do Oeste.";"Total 12 município: Barra Bonita, Bandeirante, Belmonte, Iporă do Oeste, Guarujá do Sul, Santa Helena, Săo José do Cedro, Paraíso, Guaraciaba, Princesa, Mondaí, Itapiranga.";Sem informaçăo;Sem informaçăo;Sem informaçăo;Sem informaçăo;Sem informaçăo;Sem informaçăo;Sem informaçăo;Sem informaçăo;Sem informaçăo;Um kit emergęncial e um kit de medicamento para o município de Barra Bonita.;Sem informaçăo;"Vários municípios sem respostas mesmos que solicitadas, sem informaçőes de preenchimento no RedCap, falta de troca de informaçőes com setores municipais. O preenchimento foi realizado com dados obtidos diretamente pelos pontos focais da saúde e dados de compilaçăo do RedCap.";Năo;;;;;;;;
3/1/2026 17:03:49;Atualizaçăo (Enviar ŕs 15h).;UDVE Mônica Susete Roman Vanz.    UDVISA  Marly Andrea Gonçalves Ribas;Videira;"Chuvas intensas, Inundaçăo, Alagamento, Enxurrada, Vendaval, Granizo, Movimento de massa, Seca/Estiagem";;"20 Arroio Trinta, Caçador, Calmon, Curitibanos, Fraiburgo,  Frei Rogerio,  Ibiam, Iomere, Lebon Regis, Macieira, Matos Costa, Pinheiro Preto,  Ponte Alta do Norte, Rio das Antas, Salto Veloso, Santa Cecilia,  Sao Cristóvăo do Sul,  Tangará,  Timbo Grande e Videira";"06 Caçador,  Curitibanos, Pinheiro Preto,  Salto Veloso, Santa Cecília,  Timbó Grande";"Năo serăo publicados no Diário Oficil (segundo a Defesa Civil), Somente assinado pelo Prefeito";0;0;"10 municípios Pela Planilha da Defesa Civil Santa Cecília,  Curitibanos, Frei Rogério, Săo Cristóvăo do Sul,  Iomere, Videira, Lebon Regis, Salto Veloso, Calmon e Fraiburgo ";"16 abrigos, 02 Ponte Alta do Norte, 02 Ibiam, 01 Săo Cristóvăo do Sul, 02 Matos Costa, 01 Arroio Trinta, 02 Macieira, 01 Frei Rogério, 01 Lebon Régis, 01 Calmon, 01 Videira, 01 Tangará, 01 iomerę";"* Informaçăo fornecida pela Defesa Civil: 10 municípios Pela Planilha da Defesa Civil: 24 Arroio Trinta, 24 Lebon Régis, 20 Iomerę, 19 Macieira, 12 Tangará, 10 Calmon, 10 Matos Costa, 46 Fraiburgo, 20 Frei Rogério, 90 Ponte Alta do Norte,  18 Santa Cecília,  62 Săo Cristóvăo do Sul. ";"* Informaçăo fornecida pela Defesa Civil: 10 municípios Pela Planilha da Defesa Civil: 450 Videira,  28 Rio das Antas, 24 Lebon Régis, 35 Iomerę, 28 Tangará, 15 Calmon, 25 Matos Costa, 15 Salto Veloso, 140 Caçador, 20 Frei Rogério, 30 Santa Cecília, 50 Săo Cristóvăo do Sul";"01 Ponte Alta do Norte, 01 Rio das Antas, 02 Matos Costa, 02 Arroio Trinta, 01 Macieira, 01 Frei Rogério, 01 Videira, 02 Fraiburgo";0;01 Sao Cristóvăo do Sul e 01 Iomere ;0;0;Algumas informaçőes foram obtidas pelo Link da Defesa Civil. E nem todos os municípios responderam no RedCAP.;Năo;;;;;;;;
